episode,reward
1,0
2,0
3,0
4,0
5,0
6,0
7,0.5
8,0
9,0
10,0
11,1
12,1
13,0
14,0
15,1
16,1
17,0
18,0
19,0
20,0
21,0
22,1
23,1
24,0
25,0
26,1
27,0
28,0.5
29,0
30,0
31,0
32,0
33,0
34,0
35,0
36,0
37,0
38,1
39,0
40,0
41,1
42,1
43,1
44,0
45,0
46,0
47,1
48,0
49,0
50,0
51,0
52,0
53,0
54,0
55,1
56,0
57,1
58,0
59,1
60,0
61,0
62,0
63,0
64,0
65,0
66,0.5
67,0
68,1
69,0
70,0
71,0
72,1
73,1
74,0
75,0
76,0
77,0.5
78,0
79,1
80,1
81,0
82,1
83,1
84,0
85,0
86,0
87,0
88,1
89,0
90,0
91,0
92,1
93,0
94,0
95,0
96,1
97,0
98,1
99,1
100,0
101,0
102,0
103,0
104,0
105,0
106,0
107,0
108,0
109,0
110,1
111,1
112,1
113,0
114,0
115,0.5
116,0
117,1
118,1
119,0
120,0
121,0
122,0
123,1
124,0
125,0
126,1
127,0
128,1
129,0
130,0
131,0
132,0
133,1
134,1
135,0
136,0
137,0
138,0
139,0
140,0
141,0
142,0
143,0
144,0
145,0
146,0
147,0
148,0
149,1
150,1
151,0
152,0
153,0
154,0
155,0
156,0
157,0
158,0
159,0
160,0
161,1
162,0
163,0
164,0
165,1
166,0
167,0
168,0
169,0.5
170,1
171,1
172,1
173,0
174,1
175,1
176,0
177,0.5
178,0.5
179,1
180,1
181,0
182,1
183,0
184,0
185,0
186,0
187,0
188,1
189,1
190,1
191,0.5
192,0.5
193,1
194,0
195,1
196,0
197,0
198,1
199,0
200,1
201,0
202,0
203,0
204,1
205,0
206,0
207,1
208,0.5
209,0
210,0
211,0
212,0
213,0
214,0
215,1
216,0
217,1
218,1
219,1
220,0
221,0
222,0
223,0
224,0
225,0
226,1
227,0
228,0
229,0
230,1
231,0
232,0
233,0
234,0
235,0
236,1
237,0
238,1
239,0
240,0.5
241,0
242,0
243,0
244,0
245,0
246,0
247,0
248,0
249,0
250,1
251,1
252,1
253,0
254,0
255,0
256,0
257,0
258,0
259,1
260,0
261,0.5
262,0
263,0
264,1
265,1
266,0
267,0
268,1
269,0
270,0
271,1
272,0.5
273,0
274,0
275,0
276,0
277,1
278,0
279,0
280,0
281,1
282,0
283,0
284,0
285,0.5
286,0
287,0
288,1
289,1
290,0
291,0
292,0
293,0
294,1
295,1
296,0
297,1
298,0
299,1
300,1
301,0
302,0
303,0
304,0
305,1
306,0
307,1
308,1
309,0
310,0
311,0
312,0
313,0.5
314,0
315,1
316,1
317,0
318,0
319,0
320,0
321,0
322,0
323,0
324,0
325,0
326,1
327,1
328,1
329,0
330,0
331,0
332,0
333,0
334,0
335,1
336,0
337,0
338,1
339,0
340,1
341,0
342,0
343,0
344,0
345,0
346,0
347,0
348,0
349,0
350,1
351,1
352,0
353,0
354,0
355,1
356,0
357,0
358,0
359,0
360,1
361,1
362,0
363,0
364,0
365,0
366,0
367,0
368,0
369,1
370,1
371,1
372,0
373,1
374,1
375,0
376,1
377,1
378,0
379,0
380,0
381,1
382,0
383,0
384,1
385,0
386,0
387,0
388,0
389,1
390,0
391,0
392,0
393,0
394,0
395,0
396,0
397,0
398,0
399,0
400,0
401,0
402,0.5
403,0
404,0
405,0
406,0
407,1
408,0
409,0
410,0
411,0
412,1
413,0
414,0
415,0
416,0
417,0.5
418,1
419,1
420,0
421,1
422,0
423,0
424,0
425,0
426,0
427,0
428,0
429,0
430,0
431,0
432,0
433,0.5
434,0
435,1
436,1
437,0
438,1
439,0
440,0
441,0
442,0
443,0
444,0
445,0
446,0
447,0
448,0
449,0
450,0
451,0
452,1
453,0
454,0.5
455,0
456,1
457,0
458,1
459,1
460,0
461,1
462,0
463,0
464,0
465,0.5
466,0
467,1
468,0
469,0
470,0
471,1
472,0
473,0
474,0
475,0
476,0
477,0
478,1
479,0
480,0
481,0
482,0
483,0
484,0
485,0
486,0
487,0
488,0.5
489,0
490,0
491,1
492,1
493,0
494,1
495,0
496,1
497,0
498,0
499,0
500,0
501,1
502,0
503,1
504,0
505,0
506,0
507,0
508,0
509,1
510,1
511,0
512,0
513,1
514,0
515,0
516,0
517,1
518,1
519,0
520,0
521,1
522,1
523,0
524,0
525,0
526,0
527,1
528,1
529,1
530,0
531,0
532,1
533,1
534,0
535,0
536,1
537,1
538,0
539,0
540,0
541,0
542,0
543,0
544,0
545,1
546,0
547,0
548,0
549,1
550,0
551,0
552,0
553,1
554,0
555,0
556,0
557,0
558,0
559,0
560,0
561,0
562,0
563,1
564,0
565,1
566,1
567,0
568,1
569,1
570,0
571,0
572,0
573,0.5
574,0
575,0
576,0
577,0
578,0
579,1
580,0
581,0
582,1
583,0
584,0
585,0.5
586,0
587,0
588,0
589,0
590,1
591,0
592,0
593,0
594,0
595,0
596,1
597,0
598,0
599,0.5
600,0
601,0
602,0
603,0
604,0
605,1
606,0
607,0
608,1
609,0
610,0
611,0
612,0
613,1
614,0.5
615,0.5
616,1
617,0
618,0
619,0
620,1
621,1
622,0
623,1
624,1
625,0
626,0
627,0
628,0
629,1
630,0.5
631,0
632,0.5
633,0
634,1
635,1
636,1
637,0
638,1
639,0
640,1
641,0
642,0
643,0
644,1
645,0
646,0
647,1
648,0
649,0
650,1
651,0
652,0
653,0
654,0
655,0
656,0
657,0
658,1
659,0
660,1
661,0
662,1
663,1
664,1
665,0
666,1
667,0
668,0
669,0
670,0
671,0
672,0
673,0
674,0
675,1
676,0
677,0
678,0
679,0
680,0
681,0
682,0
683,0
684,0
685,1
686,0
687,0
688,0
689,0
690,0
691,1
692,1
693,1
694,0
695,0
696,0
697,0
698,0
699,0
700,1
701,1
702,1
703,1
704,0
705,0
706,1
707,0
708,0
709,0.5
710,0
711,0
712,1
713,0
714,0
715,0
716,0
717,0
718,0
719,0
720,1
721,1
722,0
723,0
724,0.5
725,0
726,0
727,0
728,0
729,0
730,0.5
731,1
732,0
733,0
734,0
735,0
736,0
737,0
738,0.5
739,0
740,0
741,1
742,0
743,0
744,0
745,0
746,0
747,0
748,0
749,0
750,1
751,0
752,0
753,1
754,0
755,0
756,0
757,0
758,0
759,0
760,0
761,0
762,0
763,1
764,1
765,0
766,0
767,1
768,0
769,0
770,0
771,0
772,1
773,1
774,0
775,0
776,1
777,0
778,0
779,0
780,1
781,0
782,1
783,0
784,1
785,0
786,1
787,0
788,0
789,0
790,0
791,1
792,0
793,1
794,0
795,0
796,0
797,1
798,0
799,0
800,1
801,1
802,0.5
803,0
804,0
805,1
806,0.5
807,1
808,1
809,1
810,0
811,0
812,0
813,0
814,1
815,0.5
816,0
817,0
818,0
819,0
820,0
821,1
822,0
823,1
824,0
825,0
826,0
827,1
828,1
829,0
830,1
831,0
832,1
833,0
834,0
835,0
836,0
837,0
838,0
839,0
840,0
841,1
842,0
843,0
844,1
845,1
846,0
847,0
848,0
849,0
850,0
851,0
852,0
853,0
854,1
855,0
856,0
857,1
858,0
859,0
860,0
861,1
862,0
863,1
864,0.5
865,0
866,0
867,0
868,0
869,0
870,0
871,1
872,0
873,1
874,0
875,1
876,0
877,0
878,0.5
879,0
880,1
881,0
882,0
883,0.5
884,1
885,1
886,0
887,0.5
888,0
889,0
890,0
891,0
892,0
893,0
894,0
895,0
896,0
897,1
898,0
899,0
900,1
901,0.5
902,1
903,0
904,0
905,0
906,0
907,1
908,0
909,0
910,0.5
911,0
912,0
913,1
914,0
915,0
916,0
917,0
918,1
919,0
920,0
921,0
922,0
923,0
924,1
925,0
926,0
927,0
928,0
929,1
930,0
931,0
932,1
933,1
934,0
935,0
936,0
937,1
938,0
939,0
940,1
941,0
942,0
943,1
944,0
945,0
946,0
947,0
948,1
949,0
950,0
951,0
952,0
953,1
954,0
955,0
956,0
957,0
958,0
959,1
960,0
961,1
962,0
963,1
964,0
965,0
966,0
967,0
968,0
969,0.5
970,0
971,0
972,0
973,0
974,0
975,0
976,0
977,0
978,1
979,1
980,1
981,0
982,0.5
983,0
984,0
985,1
986,0
987,0
988,0
989,1
990,0
991,0
992,0
993,1
994,1
995,0
996,0
997,0
998,0.5
999,1
1000,0
1001,0
1002,0
1003,1
1004,0
1005,0
1006,0
1007,1
1008,0
1009,0
1010,1
1011,1
1012,1
1013,0
1014,1
1015,0
1016,0
1017,1
1018,0
1019,1
1020,0
1021,1
1022,0
1023,0
1024,0
1025,0
1026,0
1027,1
1028,1
1029,0
1030,0
1031,0
1032,0
1033,0
1034,0
1035,0
1036,1
1037,0
1038,0
1039,0
1040,1
1041,0
1042,0
1043,0
1044,1
1045,0
1046,0
1047,0
1048,0
1049,0
1050,0
1051,0.5
1052,0
1053,0
1054,0
1055,1
1056,1
1057,0
1058,0
1059,0
1060,0
1061,0
1062,1
1063,0
1064,0
1065,1
1066,1
1067,0
1068,0
1069,0.5
1070,0
1071,0
1072,0
1073,0
1074,0
1075,1
1076,0
1077,0
1078,0
1079,0
1080,0
1081,1
1082,0
1083,0
1084,0
1085,0
1086,0
1087,1
1088,0
1089,0
1090,0
1091,0
1092,1
1093,0
1094,0
1095,0
1096,1
1097,0
1098,0
1099,0
1100,0
1101,0
1102,0
1103,0
1104,0
1105,1
1106,0
1107,0
1108,0
1109,0
1110,1
1111,0
1112,1
1113,0
1114,0
1115,0
1116,1
1117,0
1118,0
1119,1
1120,0
1121,0
1122,0
1123,0
1124,1
1125,0
1126,0
1127,0
1128,1
1129,0
1130,0
1131,0
1132,0
1133,0
1134,1
1135,0
1136,0
1137,0
1138,0
1139,0
1140,0
1141,0
1142,0
1143,0
1144,0.5
1145,1
1146,0
1147,1
1148,0
1149,0
1150,0
1151,0
1152,0
1153,1
1154,0
1155,0
1156,1
1157,0
1158,1
1159,0
1160,0
1161,0
1162,0
1163,0
1164,0
1165,1
1166,0
1167,0
1168,0
1169,0.5
1170,0
1171,0
1172,0
1173,0
1174,0
1175,1
1176,1
1177,0
1178,1
1179,0
1180,0.5
1181,1
1182,0
1183,0
1184,1
1185,0
1186,0
1187,0
1188,0
1189,1
1190,1
1191,0
1192,0
1193,0
1194,0
1195,1
1196,0
1197,1
1198,0
1199,1
1200,0
1201,0
1202,0
1203,0
1204,0
1205,0
1206,0
1207,0
1208,0
1209,0
1210,0
1211,0
1212,0
1213,0
1214,0
1215,0
1216,0
1217,0
1218,1
1219,1
1220,0
1221,0
1222,0
1223,0
1224,0
1225,0
1226,1
1227,1
1228,0
1229,0
1230,0
1231,0
1232,0
1233,1
1234,0.5
1235,1
1236,0
1237,0
1238,0
1239,0
1240,0
1241,0
1242,0
1243,1
1244,0
1245,0
1246,0
1247,1
1248,1
1249,0
1250,1
1251,0
1252,0
1253,1
1254,1
1255,1
1256,0
1257,1
1258,0
1259,0
1260,0
1261,0
1262,0
1263,1
1264,0
1265,0
1266,0
1267,1
1268,0
1269,0
1270,0
1271,0
1272,0
1273,1
1274,0
1275,0
1276,0
1277,1
1278,0
1279,1
1280,0
1281,0.5
1282,0
1283,0
1284,0
1285,0
1286,1
1287,0
1288,0
1289,1
1290,0
1291,1
1292,1
1293,1
1294,0
1295,0
1296,1
1297,0
1298,0
1299,1
1300,0
1301,0
1302,0
1303,0
1304,0
1305,0
1306,0
1307,1
1308,0
1309,0
1310,1
1311,0
1312,0
1313,0
1314,0
1315,0
1316,0
1317,0
1318,1
1319,0
1320,0
1321,1
1322,0
1323,1
1324,0
1325,0
1326,1
1327,0
1328,0
1329,0
1330,0
1331,1
1332,0
1333,0
1334,0
1335,1
1336,1
1337,0
1338,0
1339,0
1340,0
1341,1
1342,0
1343,1
1344,0
1345,0
1346,0
1347,1
1348,0
1349,0
1350,0
1351,1
1352,0
1353,0
1354,0
1355,1
1356,1
1357,0
1358,1
1359,1
1360,0
1361,0
1362,0
1363,0
1364,0
1365,1
1366,0
1367,1
1368,0
1369,1
1370,0
1371,0
1372,0
1373,0
1374,1
1375,1
1376,0
1377,0
1378,0
1379,0
1380,0
1381,0
1382,0
1383,0.5
1384,1
1385,1
1386,0
1387,1
1388,0
1389,0
1390,1
1391,0
1392,0
1393,0
1394,0.5
1395,0
1396,1
1397,1
1398,0
1399,0
1400,0
1401,1
1402,0
1403,0
1404,0
1405,0
1406,0
1407,0
1408,0
1409,0
1410,1
1411,0
1412,0
1413,1
1414,1
1415,1
1416,0
1417,0
1418,1
1419,0
1420,1
1421,0
1422,0
1423,1
1424,0
1425,1
1426,0
1427,0
1428,1
1429,0
1430,1
1431,0
1432,0
1433,0
1434,0
1435,0
1436,0
1437,0
1438,0
1439,0
1440,0
1441,0
1442,1
1443,0
1444,0
1445,1
1446,0
1447,0
1448,0
1449,0
1450,0
1451,0
1452,0
1453,0
1454,0
1455,1
1456,1
1457,1
1458,1
1459,0
1460,0
1461,0
1462,0
1463,0
1464,0
1465,0
1466,1
1467,1
1468,0
1469,0
1470,0.5
1471,0
1472,1
1473,0
1474,0
1475,0
1476,1
1477,1
1478,0
1479,0
1480,0
1481,1
1482,0
1483,1
1484,1
1485,1
1486,1
1487,0
1488,0
1489,0
1490,0
1491,0
1492,1
1493,1
1494,0
1495,1
1496,0
1497,0
1498,1
1499,0
1500,1
1501,1
1502,1
1503,1
1504,0.5
1505,1
1506,0
1507,0
1508,0
1509,0
1510,0
1511,1
1512,0
1513,1
1514,1
1515,0
1516,0
1517,0
1518,0
1519,0
1520,0
1521,1
1522,1
1523,0
1524,0
1525,1
1526,0
1527,0
1528,1
1529,1
1530,0
1531,0
1532,0
1533,1
1534,0
1535,0
1536,1
1537,0
1538,0
1539,1
1540,1
1541,0
1542,0
1543,1
1544,0
1545,1
1546,0
1547,1
1548,0
1549,0
1550,0
1551,1
1552,0.5
1553,0
1554,0
1555,0
1556,0
1557,0
1558,1
1559,1
1560,0
1561,1
1562,0
1563,0
1564,0
1565,0
1566,1
1567,1
1568,1
1569,0
1570,1
1571,0
1572,0
1573,1
1574,1
1575,1
1576,0
1577,1
1578,0
1579,1
1580,0
1581,0
1582,0
1583,1
1584,0
1585,1
1586,0
1587,0
1588,0
1589,0
1590,0
1591,0
1592,0
1593,0
1594,0
1595,1
1596,0
1597,0
1598,0
1599,1
1600,1
1601,0
1602,0
1603,0
1604,1
1605,0
1606,0
1607,0
1608,0
1609,0
1610,0
1611,0
1612,0
1613,1
1614,0
1615,0
1616,0
1617,0
1618,0
1619,0.5
1620,0
1621,0
1622,1
1623,0
1624,0
1625,0
1626,0
1627,0
1628,1
1629,0
1630,0
1631,0
1632,0
1633,0
1634,1
1635,0
1636,0
1637,0
1638,0
1639,0
1640,1
1641,0
1642,0
1643,0
1644,0
1645,1
1646,1
1647,0
1648,0
1649,1
1650,0
1651,0
1652,1
1653,1
1654,0
1655,0
1656,1
1657,1
1658,0
1659,1
1660,0
1661,0
1662,0
1663,1
1664,0
1665,0.5
1666,0
1667,0
1668,0
1669,0
1670,0
1671,1
1672,0
1673,0
1674,0
1675,0
1676,1
1677,0
1678,0
1679,1
1680,0
1681,1
1682,1
1683,0
1684,1
1685,1
1686,0
1687,0
1688,0
1689,0
1690,0
1691,0
1692,0
1693,0
1694,0
1695,0
1696,0
1697,0.5
1698,1
1699,0
1700,0
1701,0
1702,1
1703,1
1704,0
1705,0
1706,1
1707,0
1708,1
1709,1
1710,0
1711,0
1712,0
1713,0
1714,0
1715,0
1716,1
1717,0
1718,0
1719,0
1720,0
1721,0
1722,0
1723,0
1724,0
1725,0
1726,0
1727,1
1728,0
1729,0
1730,0
1731,1
1732,0
1733,0
1734,0
1735,0
1736,0
1737,1
1738,1
1739,0
1740,1
1741,0
1742,0
1743,0
1744,1
1745,0
1746,1
1747,0
1748,0
1749,0
1750,0
1751,1
1752,1
1753,1
1754,1
1755,0
1756,0
1757,1
1758,0
1759,0
1760,1
1761,0
1762,0
1763,1
1764,1
1765,1
1766,0
1767,1
1768,0
1769,0
1770,0
1771,0
1772,1
1773,1
1774,1
1775,0
1776,0
1777,0
1778,0
1779,0
1780,1
1781,1
1782,0
1783,1
1784,0
1785,1
1786,0
1787,0
1788,0.5
1789,1
1790,0
1791,0
1792,1
1793,0
1794,0
1795,1
1796,1
1797,0
1798,1
1799,0
1800,0
1801,0
1802,0
1803,0
1804,0
1805,0
1806,0
1807,0
1808,0
1809,0
1810,1
1811,0
1812,1
1813,1
1814,0
1815,0
1816,1
1817,0
1818,1
1819,1
1820,0
1821,0
1822,1
1823,1
1824,0
1825,0
1826,0
1827,0
1828,0
1829,1
1830,0
1831,0
1832,1
1833,0
1834,0
1835,0
1836,0
1837,1
1838,1
1839,0
1840,0
1841,0
1842,0
1843,0
1844,0
1845,0
1846,0
1847,1
1848,0
1849,0
1850,1
1851,1
1852,0
1853,0
1854,0
1855,0
1856,0
1857,0
1858,0
1859,0
1860,1
1861,0
1862,1
1863,0
1864,0
1865,1
1866,0
1867,1
1868,1
1869,1
1870,0
1871,0
1872,1
1873,0
1874,0
1875,0
1876,0
1877,0
1878,0
1879,0
1880,1
1881,0
1882,0
1883,1
1884,0
1885,0
1886,1
1887,0
1888,0
1889,0
1890,1
1891,1
1892,0
1893,0
1894,0
1895,1
1896,0
1897,0
1898,0
1899,0
1900,0
1901,0
1902,0
1903,1
1904,0
1905,0
1906,0
1907,1
1908,0
1909,0
1910,0
1911,0
1912,0.5
1913,0
1914,0
1915,0
1916,1
1917,1
1918,1
1919,0
1920,0
1921,1
1922,0
1923,0
1924,1
1925,0
1926,1
1927,1
1928,1
1929,0
1930,0
1931,0
1932,0
1933,0
1934,1
1935,0
1936,1
1937,1
1938,1
1939,0
1940,1
1941,0
1942,0
1943,1
1944,1
1945,0
1946,1
1947,1
1948,0
1949,1
1950,0
1951,1
1952,0
1953,0
1954,0
1955,0
1956,0
1957,0
1958,0
1959,0
1960,1
1961,0
1962,1
1963,0
1964,1
1965,1
1966,0.5
1967,0
1968,0
1969,0
1970,1
1971,1
1972,1
1973,1
1974,0
1975,1
1976,1
1977,0
1978,0
1979,0
1980,1
1981,0
1982,1
1983,0
1984,0
1985,0
1986,0
1987,1
1988,0
1989,0
1990,0
1991,1
1992,1
1993,0
1994,0
1995,0
1996,1
1997,0
1998,1
1999,0
2000,0
2001,0
2002,0
2003,1
2004,0
2005,0
2006,0
2007,0
2008,0
2009,1
2010,1
2011,1
2012,0
2013,1
2014,0
2015,0
2016,0
2017,0
2018,0
2019,1
2020,1
2021,1
2022,1
2023,1
2024,0
2025,0
2026,0
2027,1
2028,0
2029,1
2030,0
2031,0
2032,0
2033,0
2034,0
2035,1
2036,0
2037,0
2038,1
2039,0
2040,1
2041,0
2042,0
2043,0
2044,0
2045,0
2046,0
2047,0
2048,0
2049,0
2050,0
2051,0
2052,1
2053,0
2054,0
2055,0
2056,0
2057,1
2058,0
2059,0
2060,0
2061,0
2062,0
2063,0
2064,0
2065,0
2066,0
2067,0
2068,0
2069,0
2070,0
2071,0
2072,0
2073,0
2074,1
2075,1
2076,0
2077,0
2078,1
2079,0
2080,0
2081,0
2082,1
2083,1
2084,1
2085,0
2086,1
2087,1
2088,1
2089,1
2090,0
2091,0
2092,0
2093,0
2094,0
2095,1
2096,1
2097,1
2098,0
2099,1
2100,1
2101,0
2102,0
2103,0
2104,1
2105,0
2106,0
2107,1
2108,0
2109,1
2110,0
2111,1
2112,1
2113,1
2114,1
2115,0
2116,0
2117,1
2118,0
2119,1
2120,0
2121,0
2122,1
2123,0
2124,0
2125,0
2126,1
2127,0
2128,0
2129,0
2130,1
2131,1
2132,0
2133,0
2134,0
2135,0
2136,0
2137,0
2138,0
2139,0
2140,1
2141,1
2142,1
2143,0
2144,0
2145,1
2146,0
2147,1
2148,0
2149,1
2150,1
2151,0
2152,0
2153,0
2154,0
2155,0
2156,1
2157,0
2158,0
2159,1
2160,1
2161,0
2162,0
2163,1
2164,0
2165,0
2166,0
2167,0
2168,1
2169,0
2170,0
2171,0
2172,0
2173,1
2174,0
2175,0
2176,1
2177,0
2178,1
2179,1
2180,0
2181,1
2182,0
2183,0
2184,0
2185,0
2186,1
2187,0
2188,1
2189,0
2190,1
2191,0
2192,1
2193,0
2194,1
2195,1
2196,0
2197,1
2198,1
2199,0
2200,0
2201,0
2202,0
2203,1
2204,1
2205,0
2206,0
2207,0
2208,0
2209,0
2210,0
2211,0
2212,0
2213,0
2214,0
2215,1
2216,0
2217,0
2218,0
2219,0
2220,1
2221,1
2222,1
2223,1
2224,1
2225,1
2226,1
2227,0
2228,0
2229,1
2230,0
2231,0
2232,0
2233,1
2234,0
2235,1
2236,1
2237,1
2238,0
2239,1
2240,0
2241,0
2242,0
2243,0
2244,0
2245,0
2246,1
2247,0
2248,1
2249,0
2250,1
2251,1
2252,1
2253,1
2254,1
2255,1
2256,0
2257,1
2258,0
2259,1
2260,0
2261,1
2262,0
2263,0
2264,1
2265,1
2266,1
2267,0
2268,0
2269,0
2270,1
2271,1
2272,0
2273,0
2274,0
2275,0
2276,1
2277,1
2278,1
2279,0
2280,0
2281,0
2282,1
2283,1
2284,0
2285,1
2286,1
2287,0
2288,0
2289,0
2290,0.5
2291,1
2292,1
2293,1
2294,0
2295,0
2296,0
2297,0
2298,0
2299,0
2300,0
2301,0
2302,1
2303,0
2304,1
2305,1
2306,0
2307,0.5
2308,0
2309,1
2310,0
2311,0
2312,0
2313,0
2314,0
2315,0
2316,1
2317,1
2318,1
2319,1
2320,0.5
2321,1
2322,1
2323,0
2324,1
2325,0
2326,1
2327,0
2328,0
2329,0
2330,0
2331,0
2332,0
2333,1
2334,1
2335,0
2336,0
2337,1
2338,0
2339,0
2340,1
2341,1
2342,1
2343,1
2344,0
2345,0
2346,1
2347,0
2348,0
2349,0
2350,0
2351,0
2352,0
2353,0
2354,0
2355,0
2356,1
2357,0
2358,1
2359,1
2360,1
2361,1
2362,0
2363,0
2364,0
2365,0
2366,0
2367,0
2368,0
2369,1
2370,0
2371,1
2372,1
2373,1
2374,0
2375,0
2376,0
2377,0
2378,0
2379,1
2380,0
2381,0
2382,0
2383,1
2384,0
2385,1
2386,1
2387,0
2388,0
2389,1
2390,1
2391,0
2392,1
2393,1
2394,0
2395,0
2396,1
2397,0
2398,0
2399,1
2400,0
2401,0
2402,0
2403,0
2404,0
2405,0
2406,1
2407,1
2408,1
2409,1
2410,1
2411,0
2412,1
2413,0
2414,0
2415,0
2416,0
2417,0
2418,1
2419,0
2420,0
2421,0
2422,0
2423,0
2424,0
2425,0
2426,1
2427,0
2428,0
2429,1
2430,0
2431,0
2432,0
2433,1
2434,0
2435,0
2436,0
2437,0
2438,1
2439,0
2440,1
2441,1
2442,0
2443,0
2444,0
2445,0
2446,1
2447,1
2448,1
2449,1
2450,1
2451,1
2452,0.5
2453,0
2454,1
2455,0
2456,1
2457,1
2458,0
2459,0
2460,0
2461,0
2462,0
2463,1
2464,0
2465,1
2466,0
2467,1
2468,0
2469,1
2470,0
2471,1
2472,0
2473,1
2474,0
2475,0
2476,1
2477,0
2478,0
2479,0
2480,1
2481,0
2482,0
2483,0
2484,1
2485,0
2486,0
2487,1
2488,0
2489,0
2490,0
2491,1
2492,0
2493,0
2494,1
2495,0
2496,1
2497,0
2498,1
2499,1
2500,0
2501,1
2502,0
2503,0
2504,1
2505,1
2506,1
2507,0
2508,0
2509,1
2510,1
2511,1
2512,0
2513,1
2514,0
2515,0
2516,0
2517,0
2518,1
2519,0
2520,0.5
2521,0
2522,0
2523,1
2524,0
2525,0
2526,0
2527,1
2528,1
2529,0
2530,1
2531,1
2532,0
2533,1
2534,1
2535,1
2536,0
2537,0
2538,1
2539,1
2540,1
2541,1
2542,0
2543,1
2544,0
2545,0
2546,0
2547,1
2548,0
2549,0
2550,0
2551,0
2552,0
2553,1
2554,0
2555,1
2556,1
2557,0
2558,0
2559,0
2560,1
2561,0
2562,0
2563,1
2564,0
2565,0
2566,0
2567,0
2568,0
2569,1
2570,0
2571,0
2572,0
2573,1
2574,0
2575,1
2576,0
2577,0
2578,0
2579,1
2580,0
2581,0
2582,0
2583,0
2584,1
2585,0
2586,0
2587,1
2588,0
2589,0
2590,1
2591,1
2592,0
2593,1
2594,1
2595,1
2596,0
2597,0
2598,1
2599,0
2600,1
2601,0
2602,0
2603,1
2604,1
2605,0
2606,0
2607,1
2608,1
2609,0
2610,1
2611,1
2612,1
2613,0
2614,0
2615,0
2616,0
2617,0
2618,0
2619,0
2620,1
2621,0
2622,0
2623,0
2624,1
2625,1
2626,0
2627,1
2628,1
2629,1
2630,1
2631,0
2632,0
2633,1
2634,1
2635,0
2636,0
2637,0
2638,0
2639,1
2640,0
2641,0
2642,1
2643,0
2644,0
2645,1
2646,1
2647,0
2648,1
2649,0
2650,1
2651,1
2652,0
2653,0
2654,1
2655,0
2656,0
2657,0
2658,1
2659,0
2660,0
2661,0
2662,0
2663,0
2664,0
2665,0
2666,0
2667,0
2668,0
2669,1
2670,0
2671,1
2672,1
2673,0
2674,1
2675,0
2676,1
2677,1
2678,1
2679,0
2680,0
2681,1
2682,1
2683,1
2684,0
2685,0
2686,0
2687,1
2688,0
2689,1
2690,1
2691,1
2692,1
2693,0
2694,1
2695,0
2696,0
2697,0
2698,1
2699,1
2700,0
2701,1
2702,0
2703,1
2704,1
2705,1
2706,1
2707,0
2708,0
2709,1
2710,0
2711,1
2712,0
2713,0
2714,1
2715,0
2716,1
2717,0
2718,0
2719,0
2720,1
2721,0
2722,1
2723,0
2724,1
2725,1
2726,0
2727,0
2728,0
2729,0
2730,0
2731,1
2732,1
2733,0
2734,1
2735,0
2736,1
2737,0
2738,0
2739,0
2740,0.5
2741,0
2742,1
2743,0
2744,1
2745,1
2746,0
2747,1
2748,0
2749,0
2750,0
2751,1
2752,1
2753,1
2754,0
2755,0
2756,0
2757,0
2758,1
2759,0
2760,1
2761,1
2762,0
2763,0
2764,1
2765,1
2766,0
2767,0
2768,0
2769,0
2770,1
2771,1
2772,1
2773,0
2774,0
2775,1
2776,0
2777,1
2778,0
2779,1
2780,0
2781,0
2782,0
2783,1
2784,0
2785,1
2786,0
2787,0
2788,0
2789,1
2790,1
2791,0
2792,0
2793,1
2794,0
2795,0
2796,0
2797,1
2798,0
2799,1
2800,1
2801,0
2802,0
2803,1
2804,0
2805,1
2806,0
2807,1
2808,0
2809,0
2810,0
2811,0
2812,0
2813,0
2814,1
2815,0
2816,1
2817,0
2818,0
2819,0
2820,0.5
2821,1
2822,1
2823,0
2824,0
2825,0
2826,0
2827,1
2828,0
2829,0
2830,1
2831,0
2832,0
2833,0
2834,0
2835,1
2836,0
2837,1
2838,1
2839,0
2840,0
2841,1
2842,0.5
2843,0
2844,1
2845,1
2846,0
2847,0
2848,1
2849,1
2850,0
2851,0
2852,0
2853,0
2854,1
2855,1
2856,0
2857,0
2858,0
2859,1
2860,0
2861,1
2862,0
2863,0
2864,1
2865,0
2866,0
2867,1
2868,1
2869,0
2870,1
2871,0
2872,1
2873,0
2874,0
2875,1
2876,1
2877,1
2878,1
2879,1
2880,1
2881,0
2882,0
2883,0
2884,0
2885,1
2886,1
2887,1
2888,0
2889,0
2890,1
2891,0
2892,1
2893,0
2894,0
2895,0
2896,0
2897,0
2898,1
2899,1
2900,1
2901,0
2902,0
2903,1
2904,0
2905,0
2906,1
2907,0
2908,0
2909,0
2910,0
2911,0
2912,1
2913,1
2914,0
2915,0
2916,1
2917,0
2918,1
2919,0
2920,1
2921,1
2922,0
2923,0
2924,0
2925,1
2926,0
2927,0
2928,1
2929,0
2930,1
2931,1
2932,0
2933,0
2934,0
2935,1
2936,0
2937,1
2938,0
2939,0
2940,1
2941,1
2942,1
2943,0
2944,0
2945,0
2946,1
2947,1
2948,0
2949,0
2950,1
2951,0
2952,1
2953,1
2954,0
2955,0
2956,0
2957,1
2958,1
2959,0
2960,1
2961,1
2962,1
2963,0
2964,0
2965,1
2966,0
2967,0
2968,0
2969,1
2970,0
2971,1
2972,0
2973,0
2974,1
2975,0
2976,0
2977,0
2978,1
2979,0
2980,0
2981,0
2982,0
2983,1
2984,1
2985,0
2986,1
2987,0
2988,1
2989,0
2990,0
2991,0
2992,0
2993,1
2994,0
2995,1
2996,0
2997,0
2998,0
2999,1
3000,0
3001,1
3002,1
3003,0
3004,0
3005,1
3006,1
3007,1
3008,1
3009,0
3010,0
3011,0
3012,0
3013,1
3014,0
3015,1
3016,0
3017,0
3018,0
3019,1
3020,1
3021,1
3022,0
3023,0
3024,0
3025,0
3026,1
3027,1
3028,0
3029,0
3030,0
3031,1
3032,1
3033,0
3034,1
3035,1
3036,1
3037,1
3038,1
3039,0
3040,1
3041,0
3042,0
3043,1
3044,1
3045,1
3046,1
3047,1
3048,1
3049,0
3050,1
3051,0
3052,0
3053,0
3054,0
3055,1
3056,1
3057,0
3058,0
3059,0
3060,0
3061,1
3062,0
3063,1
3064,0
3065,0
3066,0
3067,0
3068,0
3069,0
3070,1
3071,0
3072,0
3073,0
3074,0
3075,0
3076,0
3077,1
3078,0
3079,1
3080,1
3081,0
3082,1
3083,0
3084,0
3085,1
3086,1
3087,1
3088,1
3089,0
3090,0
3091,0
3092,1
3093,0
3094,0
3095,0
3096,0
3097,1
3098,0
3099,0
3100,1
3101,1
3102,0
3103,1
3104,1
3105,0
3106,1
3107,0
3108,0
3109,0
3110,0
3111,1
3112,1
3113,1
3114,1
3115,1
3116,1
3117,0
3118,1
3119,1
3120,1
3121,0
3122,0
3123,0
3124,1
3125,0
3126,1
3127,0
3128,0
3129,0
3130,1
3131,0
3132,0
3133,1
3134,1
3135,1
3136,0
3137,1
3138,1
3139,1
3140,0
3141,1
3142,1
3143,0
3144,0
3145,0
3146,1
3147,1
3148,0
3149,1
3150,0
3151,0
3152,1
3153,1
3154,1
3155,1
3156,0
3157,1
3158,1
3159,1
3160,0
3161,1
3162,1
3163,1
3164,1
3165,1
3166,0
3167,1
3168,0
3169,0
3170,0
3171,0
3172,0
3173,0
3174,0
3175,1
3176,1
3177,0
3178,0
3179,0
3180,0
3181,0
3182,1
3183,0
3184,0
3185,0
3186,1
3187,0
3188,0
3189,0
3190,1
3191,1
3192,0
3193,0
3194,1
3195,0
3196,0
3197,0
3198,1
3199,1
3200,1
3201,1
3202,1
3203,0
3204,0
3205,0
3206,0
3207,0
3208,0
3209,0
3210,1
3211,0
3212,0
3213,0
3214,1
3215,0
3216,1
3217,1
3218,0
3219,0
3220,1
3221,0
3222,1
3223,0
3224,0
3225,0
3226,1
3227,1
3228,1
3229,0
3230,1
3231,1
3232,0
3233,0
3234,1
3235,0
3236,1
3237,1
3238,0
3239,1
3240,0
3241,0
3242,1
3243,0
3244,1
3245,0
3246,0
3247,0
3248,1
3249,1
3250,0
3251,0
3252,0
3253,1
3254,0
3255,0
3256,0
3257,1
3258,0
3259,0
3260,1
3261,0
3262,0
3263,0
3264,1
3265,1
3266,0
3267,1
3268,0
3269,0.5
3270,1
3271,0
3272,0
3273,1
3274,0
3275,1
3276,1
3277,1
3278,1
3279,0
3280,0
3281,1
3282,0
3283,0
3284,0
3285,1
3286,1
3287,0
3288,0
3289,1
3290,1
3291,1
3292,0
3293,1
3294,0
3295,1
3296,1
3297,0
3298,1
3299,0
3300,1
3301,1
3302,0
3303,1
3304,1
3305,1
3306,0
3307,0
3308,0
3309,0
3310,0
3311,0
3312,0
3313,1
3314,0
3315,0
3316,0
3317,1
3318,0
3319,0
3320,1
3321,1
3322,1
3323,0
3324,0
3325,0
3326,1
3327,1
3328,0
3329,0
3330,0
3331,1
3332,0
3333,1
3334,0
3335,0
3336,0
3337,1
3338,1
3339,0
3340,1
3341,0
3342,0
3343,1
3344,0
3345,1
3346,1
3347,0
3348,1
3349,1
3350,0
3351,0
3352,1
3353,0
3354,0
3355,0
3356,1
3357,0
3358,1
3359,1
3360,1
3361,1
3362,1
3363,1
3364,0
3365,0
3366,0
3367,1
3368,1
3369,0
3370,0
3371,0
3372,1
3373,1
3374,1
3375,1
3376,1
3377,1
3378,0
3379,1
3380,1
3381,0
3382,0
3383,1
3384,1
3385,0
3386,1
3387,1
3388,1
3389,1
3390,0
3391,1
3392,0
3393,1
3394,0
3395,0
3396,1
3397,0
3398,1
3399,0
3400,1
3401,1
3402,1
3403,0
3404,0
3405,1
3406,1
3407,0
3408,0
3409,0
3410,0
3411,1
3412,1
3413,1
3414,1
3415,1
3416,1
3417,0.5
3418,0
3419,1
3420,0
3421,1
3422,1
3423,0
3424,1
3425,0
3426,0
3427,1
3428,1
3429,1
3430,0
3431,1
3432,0
3433,1
3434,0
3435,1
3436,1
3437,1
3438,1
3439,1
3440,1
3441,1
3442,1
3443,1
3444,1
3445,1
3446,0
3447,0
3448,1
3449,0
3450,1
3451,1
3452,1
3453,0
3454,1
3455,1
3456,1
3457,0
3458,1
3459,0
3460,1
3461,1
3462,1
3463,0
3464,1
3465,1
3466,1
3467,1
3468,0
3469,0
3470,0
3471,0
3472,0
3473,0
3474,0
3475,0
3476,0
3477,1
3478,0
3479,0
3480,0
3481,0
3482,0
3483,0
3484,1
3485,1
3486,0
3487,0
3488,0
3489,1
3490,0
3491,1
3492,1
3493,1
3494,0
3495,0
3496,0.5
3497,1
3498,1
3499,0
3500,0
3501,1
3502,0
3503,0
3504,1
3505,1
3506,1
3507,0
3508,0
3509,1
3510,0
3511,0
3512,0
3513,1
3514,1
3515,0
3516,1
3517,1
3518,1
3519,0
3520,1
3521,1
3522,1
3523,1
3524,0
3525,1
3526,1
3527,0
3528,0
3529,0
3530,0
3531,0
3532,0
3533,1
3534,1
3535,1
3536,0
3537,0
3538,0
3539,0
3540,1
3541,0
3542,0
3543,0
3544,1
3545,1
3546,1
3547,0.5
3548,1
3549,1
3550,0
3551,0
3552,1
3553,0
3554,0
3555,0
3556,0
3557,1
3558,1
3559,0
3560,0
3561,1
3562,0
3563,1
3564,1
3565,1
3566,0
3567,0
3568,0
3569,1
3570,1
3571,0
3572,0
3573,1
3574,0
3575,1
3576,1
3577,1
3578,0
3579,0
3580,1
3581,0
3582,1
3583,1
3584,0
3585,1
3586,1
3587,0
3588,0
3589,1
3590,1
3591,0
3592,1
3593,0
3594,0
3595,1
3596,1
3597,1
3598,0
3599,1
3600,1
3601,1
3602,1
3603,0
3604,1
3605,1
3606,1
3607,1
3608,1
3609,1
3610,1
3611,1
3612,0
3613,1
3614,1
3615,1
3616,0
3617,1
3618,0
3619,1
3620,0
3621,1
3622,0
3623,0
3624,0
3625,0
3626,1
3627,0
3628,0
3629,1
3630,1
3631,1
3632,1
3633,1
3634,1
3635,0
3636,1
3637,1
3638,1
3639,0
3640,0
3641,1
3642,1
3643,1
3644,1
3645,0
3646,0
3647,1
3648,0
3649,0
3650,0
3651,0
3652,1
3653,0
3654,0
3655,0
3656,1
3657,1
3658,1
3659,1
3660,0
3661,0
3662,0
3663,0
3664,1
3665,1
3666,1
3667,1
3668,1
3669,0
3670,0
3671,1
3672,0
3673,1
3674,1
3675,1
3676,1
3677,1
3678,0
3679,1
3680,1
3681,0
3682,1
3683,0
3684,0
3685,1
3686,0
3687,1
3688,1
3689,1
3690,1
3691,1
3692,1
3693,0
3694,1
3695,0
3696,1
3697,0
3698,1
3699,0
3700,1
3701,1
3702,1
3703,0
3704,0
3705,0
3706,0
3707,1
3708,1
3709,0
3710,0
3711,0
3712,1
3713,1
3714,1
3715,1
3716,1
3717,1
3718,1
3719,0
3720,1
3721,1
3722,0
3723,0
3724,0
3725,0
3726,0
3727,0
3728,1
3729,0
3730,1
3731,0
3732,0
3733,0
3734,1
3735,1
3736,1
3737,1
3738,0
3739,0
3740,1
3741,1
3742,1
3743,1
3744,1
3745,1
3746,0
3747,1
3748,0
3749,1
3750,1
3751,0
3752,0
3753,0
3754,1
3755,0
3756,1
3757,1
3758,1
3759,0
3760,1
3761,1
3762,0
3763,1
3764,1
3765,1
3766,0
3767,1
3768,1
3769,0
3770,1
3771,1
3772,0
3773,1
3774,1
3775,1
3776,1
3777,0
3778,0
3779,0
3780,0
3781,0
3782,0
3783,0
3784,1
3785,0
3786,1
3787,1
3788,1
3789,1
3790,1
3791,0
3792,0
3793,0
3794,1
3795,1
3796,0
3797,0
3798,1
3799,0
3800,0
3801,1
3802,1
3803,1
3804,1
3805,0
3806,0
3807,0
3808,1
3809,0
3810,0
3811,0
3812,0
3813,1
3814,0
3815,0.5
3816,0
3817,0
3818,1
3819,0
3820,0
3821,0
3822,1
3823,1
3824,0
3825,1
3826,1
3827,1
3828,1
3829,0
3830,1
3831,0
3832,1
3833,1
3834,1
3835,0
3836,1
3837,0
3838,1
3839,0
3840,0
3841,1
3842,1
3843,1
3844,1
3845,1
3846,0
3847,0
3848,1
3849,0
3850,0
3851,1
3852,1
3853,1
3854,0
3855,1
3856,0
3857,1
3858,1
3859,0
3860,1
3861,0
3862,0
3863,0
3864,0
3865,0
3866,1
3867,1
3868,0
3869,1
3870,1
3871,1
3872,0
3873,0
3874,1
3875,1
3876,1
3877,0
3878,1
3879,0
3880,1
3881,0
3882,1
3883,0
3884,1
3885,1
3886,1
3887,0
3888,1
3889,1
3890,0
3891,1
3892,0
3893,1
3894,1
3895,1
3896,0
3897,1
3898,1
3899,1
3900,0
3901,1
3902,1
3903,0
3904,1
3905,1
3906,1
3907,1
3908,0
3909,1
3910,1
3911,1
3912,0
3913,1
3914,1
3915,1
3916,1
3917,1
3918,0
3919,1
3920,1
3921,1
3922,1
3923,1
3924,1
3925,0
3926,1
3927,1
3928,1
3929,1
3930,0
3931,0
3932,0
3933,1
3934,1
3935,1
3936,0
3937,0
3938,1
3939,0
3940,1
3941,0
3942,1
3943,1
3944,1
3945,0
3946,0
3947,1
3948,0
3949,1
3950,0
3951,0
3952,0
3953,0
3954,1
3955,1
3956,1
3957,1
3958,1
3959,1
3960,1
3961,1
3962,1
3963,1
3964,1
3965,0
3966,1
3967,1
3968,1
3969,1
3970,0
3971,1
3972,1
3973,1
3974,0
3975,1
3976,1
3977,1
3978,1
3979,1
3980,1
3981,0
3982,1
3983,1
3984,1
3985,1
3986,1
3987,0
3988,1
3989,1
3990,1
3991,1
3992,1
3993,1
3994,1
3995,0
3996,1
3997,1
3998,0
3999,0
4000,1
4001,1
4002,0
4003,1
4004,0
4005,1
4006,1
4007,1
4008,1
4009,0
4010,1
4011,1
4012,1
4013,0
4014,1
4015,0
4016,1
4017,0
4018,0
4019,1
4020,1
4021,1
4022,0
4023,1
4024,1
4025,0
4026,0
4027,1
4028,1
4029,1
4030,0
4031,0
4032,0
4033,1
4034,0
4035,0
4036,0
4037,1
4038,1
4039,1
4040,1
4041,1
4042,0
4043,1
4044,1
4045,1
4046,0
4047,1
4048,0
4049,0
4050,1
4051,1
4052,1
4053,0
4054,0
4055,1
4056,1
4057,0
4058,0
4059,0
4060,0
4061,0
4062,1
4063,1
4064,1
4065,1
4066,0
4067,1
4068,0
4069,1
4070,0
4071,1
4072,1
4073,0
4074,0
4075,0
4076,1
4077,1
4078,0
4079,0
4080,1
4081,1
4082,1
4083,1
4084,1
4085,1
4086,0
4087,1
4088,1
4089,1
4090,1
4091,1
4092,1
4093,1
4094,1
4095,1
4096,1
4097,0
4098,1
4099,1
4100,1
4101,0
4102,1
4103,1
4104,1
4105,1
4106,1
4107,0
4108,1
4109,1
4110,1
4111,1
4112,1
4113,0
4114,0
4115,1
4116,1
4117,1
4118,0
4119,1
4120,0
4121,0
4122,1
4123,1
4124,0
4125,1
4126,1
4127,1
4128,0
4129,1
4130,1
4131,1
4132,0
4133,1
4134,1
4135,1
4136,0
4137,0
4138,1
4139,1
4140,1
4141,1
4142,0
4143,0
4144,1
4145,1
4146,0
4147,1
4148,1
4149,0
4150,1
4151,1
4152,0
4153,1
4154,0
4155,1
4156,1
4157,1
4158,0
4159,0
4160,1
4161,0
4162,1
4163,0
4164,0
4165,1
4166,1
4167,1
4168,1
4169,1
4170,1
4171,1
4172,1
4173,1
4174,1
4175,0
4176,1
4177,1
4178,1
4179,1
4180,1
4181,1
4182,0
4183,1
4184,1
4185,1
4186,0
4187,0
4188,0
4189,1
4190,1
4191,1
4192,0
4193,1
4194,1
4195,1
4196,0
4197,1
4198,1
4199,1
4200,1
4201,1
4202,1
4203,1
4204,1
4205,1
4206,1
4207,0
4208,1
4209,0
4210,0
4211,0
4212,0
4213,0
4214,1
4215,1
4216,1
4217,1
4218,1
4219,1
4220,0
4221,0
4222,1
4223,1
4224,1
4225,1
4226,0
4227,1
4228,1
4229,0
4230,1
4231,1
4232,0
4233,1
4234,1
4235,1
4236,1
4237,1
4238,1
4239,0
4240,0
4241,1
4242,0
4243,1
4244,1
4245,1
4246,1
4247,0
4248,1
4249,1
4250,1
4251,1
4252,1
4253,0
4254,0
4255,1
4256,1
4257,1
4258,1
4259,0
4260,1
4261,0
4262,1
4263,1
4264,0
4265,1
4266,1
4267,1
4268,0
4269,1
4270,1
4271,0
4272,0
4273,0
4274,1
4275,0
4276,1
4277,1
4278,1
4279,1
4280,1
4281,1
4282,1
4283,1
4284,1
4285,1
4286,1
4287,0
4288,1
4289,0
4290,1
4291,1
4292,1
4293,1
4294,0
4295,1
4296,0
4297,1
4298,1
4299,0
4300,1
4301,0
4302,0
4303,1
4304,1
4305,1
4306,1
4307,1
4308,0
4309,1
4310,1
4311,1
4312,1
4313,1
4314,1
4315,1
4316,1
4317,1
4318,1
4319,1
4320,1
4321,0
4322,0
4323,0
4324,1
4325,1
4326,0
4327,1
4328,1
4329,0
4330,0
4331,1
4332,1
4333,0
4334,0
4335,1
4336,1
4337,0
4338,1
4339,0
4340,1
4341,1
4342,0
4343,0
4344,1
4345,1
4346,1
4347,0
4348,1
4349,1
4350,1
4351,1
4352,1
4353,0
4354,1
4355,1
4356,0
4357,0
4358,1
4359,1
4360,1
4361,1
4362,1
4363,0
4364,0
4365,0
4366,1
4367,1
4368,1
4369,1
4370,0
4371,0
4372,1
4373,1
4374,1
4375,1
4376,1
4377,1
4378,1
4379,1
4380,0
4381,1
4382,1
4383,0
4384,1
4385,1
4386,0
4387,1
4388,1
4389,1
4390,1
4391,1
4392,0
4393,1
4394,1
4395,1
4396,0
4397,1
4398,1
4399,1
4400,1
4401,1
4402,1
4403,0
4404,1
4405,1
4406,0
4407,0
4408,1
4409,1
4410,0
4411,0
4412,0
4413,0
4414,1
4415,1
4416,0
4417,0.5
4418,1
4419,1
4420,1
4421,1
4422,0
4423,1
4424,1
4425,1
4426,1
4427,0
4428,1
4429,1
4430,1
4431,1
4432,0
4433,1
4434,1
4435,0
4436,0
4437,1
4438,0
4439,1
4440,1
4441,1
4442,1
4443,1
4444,1
4445,1
4446,1
4447,1
4448,1
4449,1
4450,0
4451,0
4452,0
4453,1
4454,0
4455,0
4456,1
4457,1
4458,1
4459,1
4460,0
4461,0
4462,0
4463,1
4464,1
4465,1
4466,1
4467,1
4468,1
4469,1
4470,1
4471,1
4472,0
4473,1
4474,1
4475,1
4476,0
4477,1
4478,1
4479,0
4480,0
4481,1
4482,1
4483,1
4484,1
4485,1
4486,0
4487,1
4488,1
4489,1
4490,1
4491,1
4492,1
4493,0
4494,0
4495,0
4496,1
4497,1
4498,0
4499,1
4500,1
4501,1
4502,0
4503,1
4504,1
4505,0
4506,1
4507,0
4508,0
4509,1
4510,0
4511,0
4512,1
4513,1
4514,0
4515,1
4516,1
4517,1
4518,1
4519,1
4520,1
4521,1
4522,1
4523,1
4524,1
4525,1
4526,1
4527,1
4528,1
4529,0
4530,1
4531,1
4532,1
4533,1
4534,1
4535,1
4536,0.5
4537,1
4538,1
4539,1
4540,0
4541,1
4542,0
4543,1
4544,1
4545,0
4546,1
4547,1
4548,1
4549,1
4550,0
4551,1
4552,1
4553,0
4554,1
4555,1
4556,0
4557,1
4558,1
4559,1
4560,1
4561,1
4562,1
4563,0
4564,1
4565,1
4566,1
4567,1
4568,1
4569,1
4570,0
4571,1
4572,1
4573,1
4574,1
4575,0
4576,1
4577,1
4578,1
4579,1
4580,1
4581,1
4582,1
4583,1
4584,1
4585,1
4586,0
4587,1
4588,1
4589,1
4590,1
4591,1
4592,0
4593,1
4594,1
4595,1
4596,1
4597,1
4598,1
4599,1
4600,1
4601,1
4602,1
4603,1
4604,1
4605,1
4606,1
4607,1
4608,1
4609,1
4610,1
4611,1
4612,1
4613,1
4614,1
4615,0
4616,1
4617,1
4618,1
4619,0
4620,1
4621,1
4622,0
4623,1
4624,1
4625,1
4626,1
4627,1
4628,1
4629,1
4630,1
4631,1
4632,1
4633,1
4634,1
4635,1
4636,1
4637,1
4638,1
4639,1
4640,1
4641,1
4642,1
4643,0
4644,1
4645,0
4646,1
4647,1
4648,1
4649,0
4650,1
4651,0
4652,1
4653,1
4654,1
4655,0
4656,1
4657,1
4658,1
4659,0
4660,1
4661,1
4662,1
4663,1
4664,0
4665,1
4666,1
4667,1
4668,1
4669,1
4670,1
4671,1
4672,1
4673,1
4674,1
4675,1
4676,1
4677,1
4678,1
4679,1
4680,1
4681,1
4682,0
4683,0
4684,1
4685,1
4686,1
4687,1
4688,1
4689,0
4690,1
4691,1
4692,1
4693,1
4694,1
4695,1
4696,1
4697,1
4698,1
4699,0
4700,1
4701,1
4702,0
4703,1
4704,1
4705,0
4706,1
4707,1
4708,1
4709,1
4710,0
4711,1
4712,1
4713,1
4714,1
4715,1
4716,0
4717,0
4718,1
4719,0
4720,1
4721,1
4722,1
4723,0
4724,1
4725,1
4726,1
4727,1
4728,1
4729,1
4730,1
4731,0
4732,1
4733,1
4734,1
4735,1
4736,1
4737,1
4738,0
4739,1
4740,1
4741,1
4742,0
4743,1
4744,0
4745,1
4746,1
4747,1
4748,1
4749,1
4750,1
4751,1
4752,1
4753,1
4754,0
4755,0
4756,1
4757,1
4758,1
4759,1
4760,1
4761,1
4762,1
4763,1
4764,1
4765,1
4766,1
4767,1
4768,1
4769,1
4770,1
4771,1
4772,1
4773,0
4774,1
4775,1
4776,1
4777,1
4778,1
4779,1
4780,1
4781,1
4782,1
4783,1
4784,1
4785,0
4786,1
4787,1
4788,1
4789,1
4790,0
4791,1
4792,1
4793,1
4794,1
4795,1
4796,1
4797,1
4798,1
4799,0
4800,1
4801,0
4802,1
4803,1
4804,0
4805,1
4806,1
4807,1
4808,0
4809,1
4810,1
4811,1
4812,1
4813,1
4814,1
4815,1
4816,1
4817,1
4818,1
4819,1
4820,0
4821,1
4822,1
4823,1
4824,0
4825,1
4826,1
4827,1
4828,1
4829,1
4830,0
4831,0
4832,1
4833,1
4834,1
4835,1
4836,1
4837,1
4838,1
4839,1
4840,1
4841,1
4842,1
4843,0
4844,1
4845,1
4846,1
4847,1
4848,1
4849,0
4850,1
4851,1
4852,1
4853,0
4854,1
4855,1
4856,1
4857,0
4858,1
4859,1
4860,1
4861,1
4862,1
4863,1
4864,0
4865,1
4866,0
4867,1
4868,0
4869,1
4870,1
4871,1
4872,1
4873,1
4874,1
4875,1
4876,0
4877,0
4878,1
4879,1
4880,1
4881,1
4882,1
4883,1
4884,0
4885,0
4886,1
4887,1
4888,1
4889,1
4890,0
4891,0
4892,1
4893,1
4894,1
4895,1
4896,1
4897,1
4898,1
4899,1
4900,1
4901,1
4902,0
4903,1
4904,1
4905,1
4906,1
4907,1
4908,0
4909,1
4910,1
4911,1
4912,0
4913,1
4914,1
4915,1
4916,1
4917,1
4918,1
4919,1
4920,1
4921,1
4922,1
4923,1
4924,1
4925,1
4926,1
4927,1
4928,1
4929,1
4930,1
4931,1
4932,1
4933,1
4934,1
4935,1
4936,1
4937,1
4938,0
4939,1
4940,0
4941,1
4942,1
4943,1
4944,1
4945,1
4946,1
4947,1
4948,1
4949,1
4950,1
4951,1
4952,1
4953,1
4954,1
4955,1
4956,1
4957,1
4958,1
4959,1
4960,1
4961,1
4962,1
4963,1
4964,0
4965,1
4966,1
4967,1
4968,1
4969,1
4970,1
4971,0
4972,1
4973,1
4974,1
4975,1
4976,1
4977,1
4978,1
4979,1
4980,1
4981,1
4982,1
4983,1
4984,1
4985,1
4986,0
4987,1
4988,1
4989,0
4990,1
4991,1
4992,1
4993,1
4994,1
4995,1
4996,1
4997,1
4998,1
4999,1
5000,1